Twitter User,Texto,Fecha de Creado,Hora,Región,Número de palabras,Número de letras,App Username,Tag
b'ALBERTO ALBY',b'RT @DossiCarla: Una sinistra che vive su Marte e propone ricette indigeste. Bravo @CarloCalenda \xf0\x9f\x91\x8f\n#lavoro #giovani #futuro #Europa il resto\xe2\x80\xa6',b'2018-12-16',b'11',"b'Monza, Lombardia'",b'21',b'140',b'MasterBigData',b'#Europa'
b'Nelson Pe\xc3\xb1aherrera Castillo',b'La #pol\xc3\xadtica en #Europa est\xc3\xa1 conmocionada este fin de a\xc3\xb1o.',b'2018-12-16',b'11',"b'sullana, Piura, Per\xc3\xba'",b'10',b'58',b'MasterBigData',b'#Europa'
b'Michael B\xc3\xbcchi\xf0\x9f\x87\xaa\xf0\x9f\x87\xba',"b'RT @JKasek: Die europaweite Rechte auf dem Kreuzzug verbunden mit christlichen Fanatikern gegen das Recht der Frau, gegen den liberalen Sta\xe2\x80\xa6'",b'2018-12-16',b'11',"b'Bern, Schweiz'",b'21',b'140',b'MasterBigData',b'#Europa'
b'Maren',"b'RT @St_Publikon: Unter den Augen der Welt geht das #Macron -Regime gegen Demonstranten vor wie gegen Ungeziefer! Schande, Schande \xc3\xbcber #Eur\xe2\x80\xa6'",b'2018-12-16',b'11',b'Bonn',b'21',b'140',b'MasterBigData',b'#Europa'
b'Carlos',"b'RT @MyrianeLibre: #Espa\xc3\xb1a\n\xc2\xbfSe convertir\xc3\xa1 en Estado Musulman?\nEstos grupos \xc3\xa1rabes radicados en #Europa Imponen la sharia, ley religiosa del\xe2\x80\xa6'",b'2018-12-16',b'11',b'None',b'20',b'139',b'MasterBigData',b'#Europa'
b'Jes\xc3\xbas Mara\xc3\xb1a',b'Los #lobbies y los populistas de derechas ponen zancadillas en #Europa a la lucha contra el cambio clim\xc3\xa1tico. Infor\xe2\x80\xa6 https://t.co/evKgKqSSsQ',b'2018-12-16',b'11',b'Madrid',b'20',b'140',b'MasterBigData',b'#Europa'
b'Bernd (BEROKKO)',b'RT @ReneTruninger: Gem\xc3\xa4ss #Merkel ist der #Migrationspakt automatisch auch f\xc3\xbcr die #Schweiz g\xc3\xbcltig!? https://t.co/zjmKtG5hVR',b'2018-12-16',b'11',b'Deutschland/\xc3\x96sterreich/Schweiz',b'14',b'124',b'MasterBigData',b'#Europa'
b'Consenso del Mercado',"b'El hecho de que #Alemania siga manteniendo una TIR tan baja, significa que las dudas sobre el #euro no se han desva\xe2\x80\xa6 https://t.co/IIJKarBkbP'",b'2018-12-16',b'11',b'Madrid',b'23',b'140',b'MasterBigData',b'#Europa'
b'Adri\xc3\xa1n',b'RT @jesusmarana: Los #lobbies y los populistas de derechas ponen zancadillas en #Europa a la lucha contra el cambio clim\xc3\xa1tico. Informe de @\xe2\x80\xa6',b'2018-12-16',b'11',"b'Torrej\xc3\xb3n de Ardoz, Espa\xc3\xb1a'",b'23',b'140',b'MasterBigData',b'#Europa'
b'VoetbalNieuws.be',b'Straffe statistiek voor competitieleider: \xe2\x80\x98Enkel Liverpool en PSG beter\xe2\x80\x99 #racinggenk #europa #GENSAR\xe2\x80\xa6 https://t.co/yVDuSPrJU9',b'2018-12-16',b'11',b'None',b'13',b'125',b'MasterBigData',b'#Europa'
b'Roonbot2',b'RT @lexhoogduin: Rutte stemt toch in met eigen begroting voor eurozone . https://t.co/mMDwb7wmDU #FD #Europa zoals helaas was te verwachten\xe2\x80\xa6',b'2018-12-16',b'11',b'None',b'20',b'140',b'MasterBigData',b'#Europa'
b'Bruno Luckner \xf0\x9f\x87\xae\xf0\x9f\x87\xb9',"b'RT @alexfa33658899: Signori, le chiacchiere stanno a ""0"", va indossato il #GiletGiallo e ci si deve unire alla protesta con i #Francesi con\xe2\x80\xa6'",b'2018-12-16',b'11',"b'Genova, Liguria Italia'",b'23',b'140',b'MasterBigData',b'#Europa'
b'alexandre sgroi',"b'RT @ReyesYCastillos: Castillo Dr\xc3\xa1cula. Transilvania, Ruman\xc3\xada. #castillo #castillos #castle #castles #transilvania #rumania #romania #dracul\xe2\x80\xa6'",b'2018-12-16',b'11',"b'Nice, France'",b'14',b'140',b'MasterBigData',b'#Europa'
b'Kan\xc3\xa1n',b'RT @jesusmarana: Los #lobbies y los populistas de derechas ponen zancadillas en #Europa a la lucha contra el cambio clim\xc3\xa1tico. Informe de @\xe2\x80\xa6',b'2018-12-16',b'11',b'None',b'23',b'140',b'MasterBigData',b'#Europa'
b'Eric van der Leeden',b'RT @lexhoogduin: Rutte stemt toch in met eigen begroting voor eurozone . https://t.co/mMDwb7wmDU #FD #Europa zoals helaas was te verwachten\xe2\x80\xa6',b'2018-12-16',b'11',b'None',b'20',b'140',b'MasterBigData',b'#Europa'
b'Ria Cats',b'Brussels blog van deze week: Slikken of stikken: de week van de waarheid voor muitend Itali\xc3\xab . https://t.co/6LbzRsEPhX #FD #Europa #Brussel',b'2018-12-16',b'11',b'Brussel/Amsterdam',b'21',b'139',b'MasterBigData',b'#Europa'
b'Fabio Viapiana',"b""RT @giu33liana: @mrcllznn \xf0\x9f\x99\x82#UE ha DIRITTI TUTELE &amp; WELFARE unici al Mondo\n\n\xf0\x9f\x99\x82#PIL pari a #USA e #Cina.\n\nNessun singolo Paese d'#Europa \npu\xc3\xb2\xe2\x80\xa6""",b'2018-12-16',b'11',b'None',b'23',b'143',b'MasterBigData',b'#Europa'
b'Fabio Viapiana',"b""RT @giu33liana: @mrcllznn \xf0\x9f\x99\x82#UE ha DIRITTI TUTELE &amp; WELFARE unici al Mondo\n\n\xf0\x9f\x99\x82#PIL pari a #USA e #Cina.\n\nNessun singolo Paese d'#Europa \npu\xc3\xb2\xe2\x80\xa6""",b'2018-12-16',b'11',b'None',b'23',b'143',b'MasterBigData',b'#Europa'
b'Fabio Viapiana',"b""RT @giu33liana: @mrcllznn \xf0\x9f\x99\x82#UE ha DIRITTI TUTELE &amp; WELFARE unici al Mondo\n\n\xf0\x9f\x99\x82#PIL pari a #USA e #Cina.\n\nNessun singolo Paese d'#Europa \npu\xc3\xb2\xe2\x80\xa6""",b'2018-12-16',b'11',b'None',b'23',b'143',b'MasterBigData',b'#Europa'
b'Noemi Torollo',b'\xf0\x9f\x87\xaa\xf0\x9f\x87\xba M\xc3\xa1rio Centeno: \xe2\x80\x9cEl d\xc3\xa9ficit que tiene #Europa es en la lucha contra la #desigualdad\xe2\x80\x9d https://t.co/SJKMkZmquP v\xc3\xada\xe2\x80\xa6 https://t.co/SLw0L5tSK5',b'2018-12-16',b'11',b'We are all one.',b'18',b'139',b'MasterBigData',b'#Europa'
b'Noemi Torollo',b'\xf0\x9f\x87\xaa\xf0\x9f\x87\xba M\xc3\xa1rio Centeno: \xe2\x80\x9cEl d\xc3\xa9ficit que tiene #Europa es en la lucha contra la #desigualdad\xe2\x80\x9d https://t.co/SJKMkZmquP v\xc3\xada\xe2\x80\xa6 https://t.co/SLw0L5tSK5',b'2018-12-16',b'11',b'We are all one.',b'18',b'139',b'MasterBigData',b'#Europa'
b'Noemi Torollo',b'\xf0\x9f\x87\xaa\xf0\x9f\x87\xba M\xc3\xa1rio Centeno: \xe2\x80\x9cEl d\xc3\xa9ficit que tiene #Europa es en la lucha contra la #desigualdad\xe2\x80\x9d https://t.co/SJKMkZmquP v\xc3\xada\xe2\x80\xa6 https://t.co/SLw0L5tSK5',b'2018-12-16',b'11',b'We are all one.',b'18',b'139',b'MasterBigData',b'#Europa'
b'J\xc3\xb6rg | kachelmannwetter.com',"b'RT @Alpinwetter: #Europa: Nach dem ECMWF/Global Euro HD Modell ist es am 24.12.2018 in Deutschland und \xc3\x96sterreich oft frostfrei, aber schon\xe2\x80\xa6'",b'2018-12-16',b'11',b'Schweiz',b'21',b'140',b'MasterBigData',b'#Europa'
b'J\xc3\xb6rg | kachelmannwetter.com',"b'RT @Alpinwetter: #Europa: Nach dem ECMWF/Global Euro HD Modell ist es am 24.12.2018 in Deutschland und \xc3\x96sterreich oft frostfrei, aber schon\xe2\x80\xa6'",b'2018-12-16',b'11',b'Schweiz',b'21',b'140',b'MasterBigData',b'#Europa'
b'J\xc3\xb6rg | kachelmannwetter.com',"b'RT @Alpinwetter: #Europa: Nach dem ECMWF/Global Euro HD Modell ist es am 24.12.2018 in Deutschland und \xc3\x96sterreich oft frostfrei, aber schon\xe2\x80\xa6'",b'2018-12-16',b'11',b'Schweiz',b'21',b'140',b'MasterBigData',b'#Europa'
b'Mercedes Montero',b'RT @jesusmarana: Los #lobbies y los populistas de derechas ponen zancadillas en #Europa a la lucha contra el cambio clim\xc3\xa1tico. Informe de @\xe2\x80\xa6',b'2018-12-16',b'11',b'None',b'23',b'140',b'MasterBigData',b'#Espa\xc3\xb1a'
b'Ramon Bobet',"b'RT @fmartinf: Que triste que #Espa\xc3\xb1a genere empleo gracias a la inversi\xc3\xb3n militar y no a la inversi\xc3\xb3n cient\xc3\xadfica , tecnol\xc3\xb3gica, sanitaria,\xe2\x80\xa6'",b'2018-12-16',b'11',"b'Horta, encara de Lleida'",b'22',b'139',b'MasterBigData',b'#Espa\xc3\xb1a'
b'giulia33',"b""@mattegori95 @mfegfeprato Per un'#Europa\nUNITA in forma federale e\nLIBERA da condizionamenti \ndi #USA, #Russia\xe2\x80\xa6 https://t.co/hYVEqsRhSD""",b'2018-12-16',b'11',"b'Roma, Lazio'",b'16',b'135',b'MasterBigData',b'#Espa\xc3\xb1a'
b'Mercedes Montero',"b'RT @_infoLibre: La amenaza de los esc\xc3\xa9pticos del #cambioclim\xc3\xa1tico tambi\xc3\xa9n se cierne sobre #Europa, un tema de @Mediapart @MediapartES https\xe2\x80\xa6'",b'2018-12-16',b'11',b'None',b'20',b'140',b'MasterBigData',b'#Espa\xc3\xb1a'
b'Xavi Kastro',b'RT @Acerina56: #SEVILLA #ESPA\xc3\x91A #M\xc3\x81XIMADIFUSI\xc3\x93N POR FAVOR #URGENTE \xc2\xbfPueden ayudar? Gracias a todos https://t.co/rlvZvavS3T',b'2018-12-16',b'11',b'Barcelona',b'14',b'122',b'MasterBigData',b'#Espa\xc3\xb1a'
b'CaraotaDigital',b'#CaraotaDigital | Gaby Spanic estar\xc3\xa1 de gira por #Espa\xc3\xb1a con su obra Divinas / Por: @CaraotaShowVE https://t.co/yizIKsO9KB         \\|',b'2018-12-16',b'11',b'Caracas - Venezuela',b'18',b'133',b'MasterBigData',b'#Espa\xc3\xb1a'
b'V\xc3\xaddeo Recetas Cocina',b'Prepara tus propios Polvorones de almendra #Gastronom\xc3\xada #Recetas #Cocina #Cocinar #Ideas #BuenComer #Pornfood\xe2\x80\xa6 https://t.co/MrTMbDROH7',b'2018-12-16',b'11',b'World',b'14',b'134',b'MasterBigData',b'#Espa\xc3\xb1a'
b'Cor',b'Toch leuk dat ze voor de pauzes een cliniclown hebben ingehuurd #Europa #Juncker https://t.co/AFDcDHtP2W',b'2018-12-16',b'11',b'Twente & Zuid-Holland',b'14',b'104',b'MasterBigData',b'#Espa\xc3\xb1a'
b'M\xc3\xa1s Raz\xc3\xb3n Q Un Santo - Jes\xc3\xbas Mu\xc3\xb1oz - AD\xc3\x91',"b'RT @SindicatoTNS: Gane quien gane, pierden #Andaluc\xc3\xada y #Espa\xc3\xb1a\n\nIntervenci\xc3\xb3n de Jes\xc3\xbas Mu\xc3\xb1oz @MasRazonqUnSant en el programa Sencillamente\xe2\x80\xa6'",b'2018-12-16',b'11',b'None',b'18',b'139',b'MasterBigData',b'#Espa\xc3\xb1a'
b'daniele 1992',b'RT @MauroLeonardi3: L\xe2\x80\x99#Europa o sar\xc3\xa0 #cristiana o non sar\xc3\xa0 https://t.co/McjL4LHfSv',b'2018-12-16',b'11',b'italia',b'10',b'82',b'MasterBigData',b'#Espa\xc3\xb1a'
b'Alegr\xc3\xada Alonso',b'RT @jesusmarana: Los #lobbies y los populistas de derechas ponen zancadillas en #Europa a la lucha contra el cambio clim\xc3\xa1tico. Informe de @\xe2\x80\xa6',b'2018-12-16',b'11',b'Hacia el norte me ir\xc3\xa9',b'23',b'140',b'MasterBigData',b'#Espa\xc3\xb1a'
b'NegociosOnlineHoy',b'Ibex: El asedio bajista pone en peligro los 8.700 puntos - https://t.co/EGP1Jtpobd https://t.co/L9HKa5bWlx #Espa\xc3\xb1a #Ibex35',b'2018-12-16',b'11',b'None',b'15',b'122',b'MasterBigData',b'#Espa\xc3\xb1a'
b'AntiKo',b'RT @AlexSanna8334: Ancora una volta ubriaco in pubblico: ormai per #Juncker \xc3\xa8 la prassi \xf0\x9f\xa4\x94\n#europe #ue #europa #eu #Brussels #bruxelles @Rin\xe2\x80\xa6',b'2018-12-16',b'11',b'None',b'22',b'140',b'MasterBigData',b'#Espa\xc3\xb1a'
b'c\xc3\xadrculo rojo',b'RT @jesusmarana: Los #lobbies y los populistas de derechas ponen zancadillas en #Europa a la lucha contra el cambio clim\xc3\xa1tico. Informe de @\xe2\x80\xa6',b'2018-12-16',b'11',b'None',b'23',b'140',b'MasterBigData',b'#Espa\xc3\xb1a'
b'dCIDElevante',b'\xf0\x9f\x87\xaa\xf0\x9f\x87\xa6\xe2\x81\x89\xc2\xbfPor qu\xc3\xa9 tenemos la impresi\xc3\xb3n de que todos los PRESIDENTES DE GOBIERNO DE #Espa\xc3\xb1a se arrodillan ante unos\xe2\x80\xa6 https://t.co/qiTwjpKwyy',b'2018-12-16',b'11',b'Ayuntamiento de Alicante',b'19',b'133',b'MasterBigData',b'#Espa\xc3\xb1a'
b'M\xc3\xa1s Raz\xc3\xb3n Q Un Santo - Jes\xc3\xbas Mu\xc3\xb1oz - AD\xc3\x91',"b'RT @SindicatoTNS: Recordad que todas las intervenciones (Texto y Audio) de Jes\xc3\xbas Mu\xc3\xb1oz\n@MasRazonqUnSant\n\nen el programa ""Sencillamente Radi\xe2\x80\xa6'",b'2018-12-16',b'11',b'None',b'19',b'140',b'MasterBigData',b'#Espa\xc3\xb1a'
b'\xe2\x93\x99 \xe2\x93\xa4 \xe2\x93\x90 \xe2\x93\x9d \xe2\x93\x93 \xe2\x93\x94',b'RT @sosdesaparecido: \xf0\x9f\x86\x98 DESAPARECIDA\nActualizaci\xc3\xb3n de imagen \n#Desaparecidos #sosdesaparecidos #Missing #Espa\xc3\xb1a #Huelva #Campillo https://t.\xe2\x80\xa6',b'2018-12-16',b'11',b'Musho Betis !!!',b'14',b'140',b'MasterBigData',b'#Espa\xc3\xb1a'
b'ILARIA M  \xf0\x9f\x87\xae\xf0\x9f\x87\xb9 \xf0\x9f\x87\xa8\xf0\x9f\x87\xad',"b'RT @RogerHalsted: #Megalizzi ""ucciso da chi odia l\'#Europa""?\nEh no signori miei, \xc3\xa8 stato ucciso anche da quelle idee di immigrazionismo, gl\xe2\x80\xa6'",b'2018-12-16',b'11',b'None',b'22',b'140',b'MasterBigData',b'#Espa\xc3\xb1a'
b'alexandre sgroi',"b'RT @ReyesYCastillos: Castillo Dr\xc3\xa1cula. Transilvania, Ruman\xc3\xada. #castillo #castillos #castle #castles #transilvania #rumania #romania #dracul\xe2\x80\xa6'",b'2018-12-16',b'11',"b'Nice, France'",b'14',b'140',b'MasterBigData',b'#Espa\xc3\xb1a'
b'Carmela Ramos (mam\xc3\xa1 de Dar\xc3\xado)',b'Domingos fr\xc3\xados \xe2\x9d\x84\xef\xb8\x8f jugando en casa de la abuela \xf0\x9f\x91\xb5 #cordoba #espa\xc3\xb1a #bebefeliz #domingo #babylove #babyboy\xe2\x80\xa6 https://t.co/twIdYVkEid',b'2018-12-16',b'11',"b'C\xc3\xb3rdoba, Espa\xc3\xb1a'",b'17',b'129',b'MasterBigData',b'#Espa\xc3\xb1a'
b'MGR Production',"b'@luigidimaio Scusi la domanda irriverente ma a parte festini sul tevere, le litigate con #Salvini e i pianti in pub\xe2\x80\xa6 https://t.co/iNEMlLREV2'",b'2018-12-16',b'11',"b'Milan, Lombardy'",b'21',b'140',b'MasterBigData',b'#Espa\xc3\xb1a'
b'F. Pelufo-Esveritate',b'RT @KOKOROALMA: En Navidad sum\xc3\xa9rgete en la Obra de Juan Sevillano \nMEMORIA DEL PARA\xc3\x8dSO \nEL CIRINEO \nLa Vida y un d\xc3\xada \n@RoMemoria #libros #l\xe2\x80\xa6',b'2018-12-16',b'11',b'46184 - Valencia - Espa\xc3\xb1a',b'24',b'140',b'MasterBigData',b'#Espa\xc3\xb1a'
b'Oriano Felice\xe2\x9c\x9d\xef\xb8\x8f\xf0\x9f\x87\xae\xf0\x9f\x87\xb9.       #IamTommyRobinson',"b'RT @RogerHalsted: #Megalizzi ""ucciso da chi odia l\'#Europa""?\nEh no signori miei, \xc3\xa8 stato ucciso anche da quelle idee di immigrazionismo, gl\xe2\x80\xa6'",b'2018-12-16',b'11',b'BEN PIANTATO QUI',b'22',b'140',b'MasterBigData',b'#Espa\xc3\xb1a'
b'ASG News',b'#Schweiz: 2. Europa Barometer 2018 - Stabile Beziehungen zu #Europa haben Priorit\xc3\xa4t / https://t.co/ndTvkrFzJp via\xe2\x80\xa6 https://t.co/HPOVZ4Lbye',b'2018-12-16',b'11',b'Schlierseestra\xc3\x9fe 20 - M\xc3\xbcnchen',b'16',b'138',b'MasterBigData',b'#Espa\xc3\xb1a'
b'carlos quinto',"b'THE QUEEN\nH.M. Queen Maria Cristina of Spain, n\xc3\xa9e Archduchess of Austria\xc2\xa0 (1858-1926)\n\n#thequeen\xe2\x80\xa6 https://t.co/h7vX7fMqG6'",b'2018-12-16',b'11',b'None',b'15',b'121',b'MasterBigData',b'#Espa\xc3\xb1a'
b'iurisfeminae',"b'Los tribunales espa\xc3\xb1oles resolvieron m\xc3\xa1s de 1,2 millones de asuntos en el tercer trimestre #Justicia #Espa\xc3\xb1a #Datos'",b'2018-12-16',b'11',"b'Zaragoza, Espa\xc3\xb1a'",b'17',b'115',b'MasterBigData',b'#Espa\xc3\xb1a'
b'alexandre sgroi',"b'RT @ReyesYCastillos: Castillo Dr\xc3\xa1cula. Transilvania, Ruman\xc3\xada. #castillo #castillos #castle #castles #transilvania #rumania #romania #dracul\xe2\x80\xa6'",b'2018-12-16',b'11',"b'Nice, France'",b'14',b'140',b'MasterBigData',b'#Espa\xc3\xb1a'
b'Manchego FreePoliticalPrisoners',"b'Otro SociVampi, los ""catalanes abandonados"" le importan una mierda, lo que le preocupa es su raci\xc3\xb3n de sangre catal\xe2\x80\xa6 https://t.co/baSa6XorLI'",b'2018-12-16',b'11',b'Castilla La Marcha.',b'20',b'140',b'MasterBigData',b'#Espa\xc3\xb1a'
b'GO! Valladolid',"b'RT @AyuntamientoVLL: .@oscar_puente_: ""Las instalaciones de #PepeRojo son las mejores de #Espa\xc3\xb1a para jugar al rugby y hay que trabajar par\xe2\x80\xa6'",b'2018-12-16',b'11',"b'Valladolid, Espa\xc3\xb1a'",b'21',b'140',b'MasterBigData',b'#Espa\xc3\xb1a'
b'Marina #TeamInca',b'RT @sosdesaparecido: \xf0\x9f\x86\x98DESAPARECIDO\n#desaparecido #sosdesaparecidos #Missing #Espa\xc3\xb1a #CortijosNuevos #Ja\xc3\xa9n https://t.co/bUeoTM7955',b'2018-12-16',b'11',b'None',b'10',b'129',b'MasterBigData',b'#Espa\xc3\xb1a'
b'marcello zanna',"b""RT @giu33liana: @mrcllznn \xf0\x9f\x99\x82#UE ha DIRITTI TUTELE &amp; WELFARE unici al Mondo\n\n\xf0\x9f\x99\x82#PIL pari a #USA e #Cina.\n\nNessun singolo Paese d'#Europa \npu\xc3\xb2\xe2\x80\xa6""",b'2018-12-16',b'11',b'Bologna',b'23',b'143',b'MasterBigData',b'#Espa\xc3\xb1a'
b'AysebA\xc5\x9fAk Polat',b'RT @vinny2033: we have to https://t.co/3cL39BeDwZ',b'2018-12-16',b'11',b'None',b'6',b'49',b'MasterBigData',b'#Espa\xc3\xb1a'
b'\xe9\x9f\x93\xe7\xb4\x85',b'RT @VAV_official: [#TODAY_VAV]\n#181215 #VAV2018MeetNLiveInEurope #SenoritaTour #VAV #\xeb\xb8\x8c\xec\x9d\xb4\xec\x97\x90\xec\x9d\xb4\xeb\xb8\x8c\xec\x9d\xb4 Thank\xc2\xa0you\xc2\xa0all\xc2\xa0for\xc2\xa0being\xc2\xa0with\xc2\xa0us!!!\nSpain #VAMPZ\xe2\x80\xa6',b'2018-12-16',b'11',b'\xe3\x83\x8f\xe3\x83\xac\xe3\x83\xb3\xe3\x83\x81\xe4\xbe\x9d\xe5\xad\x98\xe7\x97\x87',b'17',b'140',b'MasterBigData',b'#Espa\xc3\xb1a'
b'hiro',b'MAI KURAKI https://t.co/iaHSeYfYQh #NP #TRAVEL #MUSIC #USA #UK #SOUNDCLOUD #Japan #TOKYO2020 #turkey #india #Marketing #SEO #Espa\xc3\xb1a',b'2018-12-16',b'11',b'None',b'16',b'131',b'MasterBigData',b'#Espa\xc3\xb1a'
b'Troyano',b'RT @Spesfdez: Aviso a hispan\xc3\xb3fobos: cambio de tendencia en el uso de sustitutos para evitar mencionar a Espa\xc3\xb1a: pasa de moda \xe2\x80\x9ceste pa\xc3\xads\xe2\x80\x9d y\xe2\x80\xa6',b'2018-12-16',b'11',b'Zihuatanejo',b'24',b'139',b'MasterBigData',b'#Espa\xc3\xb1a'
b'AdelheidsdorferBuergergegenSuedLink',"b'Danke, da\xc3\x9f die Demonstrationen weiter gehen. Herr Macron mu\xc3\x9f sich doch fragen, ob seine Regierung etwas falsch gema\xe2\x80\xa6 https://t.co/esXRWZOCBc'",b'2018-12-16',b'11',b'None',b'19',b'140',b'MasterBigData',b'#Espa\xc3\xb1a'
b'Alberto Marcelli',"b'RT @RogerHalsted: #Megalizzi ""ucciso da chi odia l\'#Europa""?\nEh no signori miei, \xc3\xa8 stato ucciso anche da quelle idee di immigrazionismo, gl\xe2\x80\xa6'",b'2018-12-16',b'11',b'None',b'22',b'140',b'MasterBigData',b'#Espa\xc3\xb1a'
b'CaraotaDigital',b'#CaraotaDigital | Gaby Spanic estar\xc3\xa1 de gira por #Espa\xc3\xb1a con su obra Divinas / Por: @CaraotaShowVE https://t.co/yizIKt5L9b            |/',b'2018-12-16',b'11',b'Caracas - Venezuela',b'18',b'136',b'MasterBigData',b'#Espa\xc3\xb1a'
b'Serial Twetter',"b""RT @giu33liana: @mrcllznn \xf0\x9f\x99\x82#UE ha DIRITTI TUTELE &amp; WELFARE unici al Mondo\n\n\xf0\x9f\x99\x82#PIL pari a #USA e #Cina.\n\nNessun singolo Paese d'#Europa \npu\xc3\xb2\xe2\x80\xa6""",b'2018-12-16',b'11',b'None',b'23',b'143',b'MasterBigData',b'#Espa\xc3\xb1a'
b'Cr\xc3\xb3nica Global',b'La ayuda a la dependencia en #Catalu\xc3\xb1a se queda un 25% por debajo del resto de #Espa\xc3\xb1a https://t.co/LDWxVc1K7b',b'2018-12-16',b'11',b'Barcelona',b'18',b'110',b'MasterBigData',b'#Espa\xc3\xb1a'
b'Edojema',b'RT @avatarenergia: Ordenador que anticipa desastres naturales. https://t.co/6S9SBGCi7r\n#ordenador #ordenadores #centrodedatos #eventosmeteo\xe2\x80\xa6',b'2018-12-16',b'11',b'None',b'12',b'140',b'MasterBigData',b'#Espa\xc3\xb1a'
b'S.Podevyn-Gijselaar',b'RT @t1Adriaan: Heeft U een degout van de #marrakeshcoalitie?\n\n#7dag #Brussel #Belgie #Politiek @CharlesMichel #nieuws #calvo #Europa \nDelen\xe2\x80\xa6',b'2018-12-16',b'11',b'Belgium',b'18',b'140',b'MasterBigData',b'#Espa\xc3\xb1a'
b'marisol solari',"b'RT @rogeliomarin13: #FRANCIA...#INGLATERRA...#ALEMANIA...\n#LATINOAM\xc3\x89RICA SERA\'?\nDiario Argentina Hoy @ArgentinaHoyOk\n  Los ""#ChalecosAmaril\xe2\x80\xa6'",b'2018-12-16',b'11',b'None',b'11',b'140',b'MasterBigData',b'#Espa\xc3\xb1a'
b'sabinimandarini',b'RT @66Norweger66: Diese Forderung der #Gelbwesten klingen aber ganz anders als das was uns die Medien immer erz\xc3\xa4hlen!\n\n#ZDF #Europa #Gilets\xe2\x80\xa6',b'2018-12-16',b'11',b'None',b'21',b'140',b'MasterBigData',b'#Espa\xc3\xb1a'
b'Marina',b'RT @Acerina56: #SEVILLA #ESPA\xc3\x91A #M\xc3\x81XIMADIFUSI\xc3\x93N POR FAVOR #URGENTE \xc2\xbfPueden ayudar? Gracias a todos https://t.co/rlvZvavS3T',b'2018-12-16',b'11',b'Euskal Herria',b'14',b'122',b'MasterBigData',b'#Espa\xc3\xb1a'
b'Angel Tom\xc3\xa9 Cancho',b'RT @sosdesaparecido: \xf0\x9f\x86\x98 DESAPARECIDA\nActualizaci\xc3\xb3n de imagen \n#Desaparecidos #sosdesaparecidos #Missing #Espa\xc3\xb1a #Huelva #Campillo https://t.\xe2\x80\xa6',b'2018-12-16',b'11',b'C\xc3\xa1ceres',b'14',b'140',b'MasterBigData',b'#Espa\xc3\xb1a'
b'alexandre sgroi',"b'RT @ReyesYCastillos: Castillo Dr\xc3\xa1cula. Transilvania, Ruman\xc3\xada. #castillo #castillos #castle #castles #transilvania #rumania #romania #dracul\xe2\x80\xa6'",b'2018-12-16',b'11',"b'Nice, France'",b'14',b'140',b'MasterBigData',b'#Espa\xc3\xb1a'
b'Manchego FreePoliticalPrisoners',b'Catalanes abandonados son los que pasan fr\xc3\xado en invierno porque tu TC se carga las leyes catalanas sobre pobreza en\xe2\x80\xa6 https://t.co/zTye55rs7s',b'2018-12-16',b'11',b'Castilla La Marcha.',b'21',b'140',b'MasterBigData',b'#Espa\xc3\xb1a'
b'Gabry',b'RT @isagonz70: PERRO ROBADO EN #SEVILLA \xf0\x9f\x99\x8f\xf0\x9f\x99\x8fPOR FAVOR DIFUNDE  @carm_cerv @LASAnimal @DesventurasCleo @silviaromera1 @Arca_Sevilla @AnimalesS\xe2\x80\xa6',b'2018-12-16',b'11',"b'Huelva, Espa\xc3\xb1a'",b'15',b'140',b'MasterBigData',b'#Espa\xc3\xb1a'
b'Juan Sevillano',b'MEMORIA DEL PARA\xc3\x8dSO. \xc2\xbfPuede la mirada de un ni\xc3\xb1o poner color a la #Espa\xc3\xb1a gris de la #posguerra? \xc2\xa1Compru\xc3\xa9balo!\xe2\x80\xa6 https://t.co/ngQC4hTquZ',b'2018-12-16',b'11',b'None',b'20',b'135',b'MasterBigData',b'#Espa\xc3\xb1a'
b'HorstNRW',b'RT @66Norweger66: Diese Forderung der #Gelbwesten klingen aber ganz anders als das was uns die Medien immer erz\xc3\xa4hlen!\n\n#ZDF #Europa #Gilets\xe2\x80\xa6',b'2018-12-16',b'11',b'None',b'21',b'140',b'MasterBigData',b'#Espa\xc3\xb1a'
b'Wubbo Pasterkamp',b'RT @lexhoogduin: Rutte stemt toch in met eigen begroting voor eurozone . https://t.co/mMDwb7wmDU #FD #Europa zoals helaas was te verwachten\xe2\x80\xa6',b'2018-12-16',b'11',b'None',b'20',b'140',b'MasterBigData',b'#Espa\xc3\xb1a'
b'Fran Maldonado Galan',b'RT @LaLiga_TOP: Iker Casillas; de los mejores porteros de todos los tiempos #RealMadrid #Espa\xc3\xb1a https://t.co/pEenY2Suia',b'2018-12-16',b'11',"b'Almer\xc3\xada, Espa\xc3\xb1a'",b'15',b'119',b'MasterBigData',b'#Espa\xc3\xb1a'
b'Lord Cuervo',b'RT @MoreJazzLessTax: El macho Alfa de #Europa \xe2\xa4\xb5\xef\xb8\x8f https://t.co/MDZTHwk9iT',b'2018-12-16',b'11',b'Mas all\xc3\xa1 del abismo',b'9',b'72',b'MasterBigData',b'#Espa\xc3\xb1a'
b'Racksimov\xf0\x9f\x8c\xb0',"b'RT @Cascarelo: O de ErreJONS era s\xc3\xb3 umha maldade, mas estes \xe2\x80\x9cse vinieron arriba\xe2\x80\x9d. https://t.co/7za62L5pRm'",b'2018-12-16',b'11',b'La lando de katoj. ',b'15',b'105',b'MasterBigData',b'#Espa\xc3\xb1a'
b'Political Bullshit',"b'@AfD @M_HarderKuehnel Dass die #Afd von Linksextremisten im #Bundestag attackiert wird, zeigt, dass sie auf dem ric\xe2\x80\xa6 https://t.co/VA3BJurctp'",b'2018-12-16',b'11',b'Buntland',b'18',b'140',b'MasterBigData',b'#Espa\xc3\xb1a'
b'\xd9\x85\xd9\x8f\xd8\xaa\xd9\x88\xd9\x84\xd9\x8a',"b'RT @SouadSbai: Dall\xe2\x80\x99 #Europa all\xe2\x80\x99asse #Qatar-#Turchia, il progetto segreto dei Fratelli musulmani \n\nhttps://t.co/plBgNoApCj'",b'2018-12-16',b'11',b'None',b'13',b'123',b'MasterBigData',b'#Espa\xc3\xb1a'
b'Claudio Paolo',b'RT @AlexSanna8334: Ancora una volta ubriaco in pubblico: ormai per #Juncker \xc3\xa8 la prassi \xf0\x9f\xa4\x94\n#europe #ue #europa #eu #Brussels #bruxelles @Rin\xe2\x80\xa6',b'2018-12-16',b'11',b'None',b'22',b'140',b'MasterBigData',b'#Espa\xc3\xb1a'
b'maryl   \xf0\x9f\x87\xae\xf0\x9f\x87\xb9',"b'RT @RogerHalsted: #Megalizzi ""ucciso da chi odia l\'#Europa""?\nEh no signori miei, \xc3\xa8 stato ucciso anche da quelle idee di immigrazionismo, gl\xe2\x80\xa6'",b'2018-12-16',b'11',b'None',b'22',b'140',b'MasterBigData',b'#Espa\xc3\xb1a'
b'sagasta sagasta',b'RT @sosdesaparecido: \xe2\x9d\x8e DESACTIVADA \n#desaparecido #sosdesaparecidos #Missing #Espa\xc3\xb1a #Valencia https://t.co/5GLuyDwpHx',b'2018-12-16',b'11',b'None',b'10',b'118',b'MasterBigData',b'#Espa\xc3\xb1a'
b'Jose Salort',b'RT @sosdesaparecido: \xf0\x9f\x86\x98 DESAPARECIDA\nActualizaci\xc3\xb3n de imagen \n#Desaparecidos #sosdesaparecidos #Missing #Espa\xc3\xb1a #Huelva #Campillo https://t.\xe2\x80\xa6',b'2018-12-16',b'11',b'Granada',b'14',b'140',b'MasterBigData',b'#Espa\xc3\xb1a'
b'eneok hing',"b'Bedoeling van Islam is om wereld te veroveren. Wel nu, al een stapje verder. Doe zo verder #belgie en #europa'",b'2018-12-16',b'11',b'None',b'20',b'109',b'MasterBigData',b'#Espa\xc3\xb1a'
b'Carlos',b'Biblioteca de Carmelinda: \xc2\xa1Todav\xc3\xada el 98!. Manuel Aza\xc3\xb1a #LosLibrosMolan #BibliotecadeCarmelinda #Historia #Espa\xc3\xb1a\xe2\x80\xa6 https://t.co/qnTJ5LiFzT',b'2018-12-16',b'11',"b'Utebo, Espa\xc3\xb1a'",b'13',b'138',b'MasterBigData',b'#Espa\xc3\xb1a'
b'Michele Gerace',"b""RT @mattegori95: Ieri a Pisa c'erano Mario #Draghi a dire che l'Eurozona va riformata e #EURevolution, con oltre 100 giovani che porteranno\xe2\x80\xa6""",b'2018-12-16',b'11',b'Roma',b'22',b'140',b'MasterBigData',b'#Espa\xc3\xb1a'
b'CaraotaDigital',b'#CaraotaDigital | Gaby Spanic estar\xc3\xa1 de gira por #Espa\xc3\xb1a con su obra Divinas / Por: @CaraotaShowVE https://t.co/yizIKt5L9b          \\|',b'2018-12-16',b'11',b'Caracas - Venezuela',b'18',b'134',b'MasterBigData',b'#Espa\xc3\xb1a'
b'Manuel Campos Conde',b'RT @abcdesevilla: Siete de cada diez espa\xc3\xb1oles piden elecciones \xc2\xablo antes posible\xc2\xbb \xc2\xbfQu\xc3\xa9 te parece los datos de esta encuesta? https://t.co/\xe2\x80\xa6',b'2018-12-16',b'11',b'None',b'21',b'140',b'MasterBigData',b'#Espa\xc3\xb1a'
b'JHOTHAB\xf0\x9f\x92\xaf',b'RT @sosdesaparecido: \xe2\x9d\x8e DESACTIVADA \n#desaparecido #sosdesaparecidos #Missing #Espa\xc3\xb1a #Valencia https://t.co/5GLuyDwpHx',b'2018-12-16',b'11',"b'Valencia, Espa\xc3\xb1a'",b'10',b'118',b'MasterBigData',b'#Espa\xc3\xb1a'
b'Paula Raab',"b'RT @MariusWKoehler: Nota bene ""schwere Anschl\xc3\xa4ge"". Die vielen kleinen und andere schwere Straftaten tauchen in dieser Liste nicht auf. http\xe2\x80\xa6'",b'2018-12-16',b'11',b'None',b'20',b'140',b'MasterBigData',b'#Espa\xc3\xb1a'
b'J. A. Caballero Gea',b'RT @sosdesaparecido: \xf0\x9f\x86\x98 DESAPARECIDA\nActualizaci\xc3\xb3n de imagen \n#Desaparecidos #sosdesaparecidos #Missing #Espa\xc3\xb1a #Huelva #Campillo https://t.\xe2\x80\xa6',b'2018-12-16',b'11',b'Espa\xc3\xb1a',b'14',b'140',b'MasterBigData',b'#Espa\xc3\xb1a'
b'Antonia Tomasi V\xc3\xa1squez',"b'RT @MyrianeLibre: #Espa\xc3\xb1a\n\xc2\xbfSe convertir\xc3\xa1 en Estado Musulman?\nEstos grupos \xc3\xa1rabes radicados en #Europa Imponen la sharia, ley religiosa del\xe2\x80\xa6'",b'2018-12-16',b'11',b'Salinas Ecuador',b'20',b'139',b'MasterBigData',b'#Espa\xc3\xb1a'
b'Antonia Tomasi V\xc3\xa1squez',"b'RT @MyrianeLibre: #Espa\xc3\xb1a\n\xc2\xbfSe convertir\xc3\xa1 en Estado Musulman?\nEstos grupos \xc3\xa1rabes radicados en #Europa Imponen la sharia, ley religiosa del\xe2\x80\xa6'",b'2018-12-16',b'11',b'Salinas Ecuador',b'20',b'139',b'MasterBigData',b'#Espa\xc3\xb1a'
b'Eva Dur\xc3\xa1n',b'Media Espa\xc3\xb1a pide el 155 y el 77% no se f\xc3\xada de S\xc3\xa1nchez https://t.co/FTdCXXVe1Z #EleccionesYA en #Espa\xc3\xb1a ante la fal\xe2\x80\xa6 https://t.co/Tw0HHPNJ59',b'2018-12-16',b'11',b'None',b'21',b'140',b'MasterBigData',b'#Espa\xc3\xb1a'
b'lex hoogduin',b'RT @RiaCats: Brussels blog van deze week: Slikken of stikken: de week van de waarheid voor muitend Itali\xc3\xab . https://t.co/6LbzRsEPhX #FD #Eu\xe2\x80\xa6',b'2018-12-16',b'11',b'The Netherlands',b'22',b'140',b'MasterBigData',b'#Espa\xc3\xb1a'
b'jose luis cabello ba',b'RT @sosdesaparecido: \xf0\x9f\x86\x98 DESAPARECIDA\nActualizaci\xc3\xb3n de imagen \n#Desaparecidos #sosdesaparecidos #Missing #Espa\xc3\xb1a #Huelva #Campillo https://t.\xe2\x80\xa6',b'2018-12-16',b'12',b'None',b'14',b'140',b'MasterBigData',b'#Alemania'
b'Juan Sevillano',b'Escucha su #historia: \xc2\xa1Es real! Un #suburbio madrile\xc3\xb1o. A\xc3\xb1os 50... Y la mirada de un ni\xc3\xb1o que pone color a una\xe2\x80\xa6 https://t.co/4ePTrb9Pa0',b'2018-12-16',b'12',b'None',b'22',b'135',b'MasterBigData',b'#Alemania'
b'Julio Abascal',"b'RT @SahndrahFdrah: Domingo es un buen d\xc3\xada para repasar la historia, la de verdad #Catalu\xc3\xb1a #Espa\xc3\xb1a https://t.co/4ErsmrBh94'",b'2018-12-16',b'12',"b'Coslada, Espa\xc3\xb1a'",b'17',b'122',b'MasterBigData',b'#Alemania'
b'PRISIONERA',b'RT @Mayte48037522: @ArjonaAdolfo esta noche estaremos pegados a @LaNochedeCOPE.\nImportante la cobertura de lo que est\xc3\xa1 ocurriendo en estos\xe2\x80\xa6',b'2018-12-16',b'12',b'None',b'19',b'139',b'MasterBigData',b'#Alemania'
b'Jos\xc3\xa9 luis',b'RT @Mayte48037522: @ArjonaAdolfo esta noche estaremos pegados a @LaNochedeCOPE.\nImportante la cobertura de lo que est\xc3\xa1 ocurriendo en estos\xe2\x80\xa6',b'2018-12-16',b'12',b'None',b'19',b'139',b'MasterBigData',b'#Alemania'
b'Lau Cejas Ramirez',b'RT @anf_espanol: Espa\xc3\xb1a | Inversi\xc3\xb3n militar de 7.331 millones. #Espa\xc3\xb1a es miembro de la #OTAN e invierte en gastos militares a la vez que r\xe2\x80\xa6',b'2018-12-16',b'12',"b'Buenos Aires, Argentina'",b'25',b'140',b'MasterBigData',b'#Alemania'
b'dalcahue',b'RT @ClaudiaDides: \xe2\xad\x95\xef\xb8\x8f el reconocimiento de la diversidad https://t.co/YmDwKAsHYZ',b'2018-12-16',b'14',b'chiloe',b'9',b'79',b'MasterBigData',b'#Alemania'
b'Jeannette-es-Emelec',"b'RT @ReutersLatam: Competidores cargan bloques de hielo, saltan obst\xc3\xa1culos cercas y suben colinas en la primera Carrera de Obst\xc3\xa1culos Extrem\xe2\x80\xa6'",b'2018-12-16',b'14',b'Ecuador Guayaquil',b'20',b'140',b'MasterBigData',b'#Alemania'
b'Mar\xc3\xada Aux. Morles',"b'RT @ReutersLatam: Competidores cargan bloques de hielo, saltan obst\xc3\xa1culos cercas y suben colinas en la primera Carrera de Obst\xc3\xa1culos Extrem\xe2\x80\xa6'",b'2018-12-16',b'14',b'Barquisimeto. Venezuela',b'20',b'140',b'MasterBigData',b'#Alemania'
b'Vivian Sequera',"b'RT @ReutersLatam: Competidores cargan bloques de hielo, saltan obst\xc3\xa1culos cercas y suben colinas en la primera Carrera de Obst\xc3\xa1culos Extrem\xe2\x80\xa6'",b'2018-12-16',b'14',b'Venezuela',b'20',b'140',b'MasterBigData',b'#Alemania'
b'Mr Nami',"b'RT @ReutersLatam: Competidores cargan bloques de hielo, saltan obst\xc3\xa1culos cercas y suben colinas en la primera Carrera de Obst\xc3\xa1culos Extrem\xe2\x80\xa6'",b'2018-12-16',b'14',b'Tangamandapio',b'20',b'140',b'MasterBigData',b'#Alemania'
b'M. Ang\xc3\xa9lica Sandoval',b'RT @ClaudiaDides: \xe2\xad\x95\xef\xb8\x8f el reconocimiento de la diversidad https://t.co/YmDwKAsHYZ',b'2018-12-16',b'14',b'None',b'9',b'79',b'MasterBigData',b'#Alemania'
b'Felix Elias Tavarez',"b'RT @estadoisrael: #Erdogan compara a #Israel con la #Alemania #Nazi y lo acusa de cometer ""genocidio cultural"" @estadoisrael https://t.co/w\xe2\x80\xa6'",b'2018-12-16',b'14',b'None',b'19',b'140',b'MasterBigData',b'#Alemania'
b'Jes\xc3\xbas Garc\xc3\xada',"b'RT @ReutersLatam: Competidores cargan bloques de hielo, saltan obst\xc3\xa1culos cercas y suben colinas en la primera Carrera de Obst\xc3\xa1culos Extrem\xe2\x80\xa6'",b'2018-12-16',b'14',b'M\xc3\xa9xico',b'20',b'140',b'MasterBigData',b'#Alemania'
b'Madrid Post \xf0\x9f\x87\xaa\xf0\x9f\x87\xb8',"b'\xf0\x9f\x94\xb9 La historia de la esv\xc3\xa1stica del bosque, el misterioso s\xc3\xadmbolo del nazismo que dur\xc3\xb3 oculto por m\xc3\xa1s de 50 a\xc3\xb1os\xe2\x80\xa6 https://t.co/1h2ycQUnX0'",b'2018-12-16',b'14',"b'Madrid, Comunidad de Madrid'",b'22',b'135',b'MasterBigData',b'#Alemania'
b'C\xc3\xa9sar V\xc3\xa1squez',"b'RT @ReutersLatam: Competidores cargan bloques de hielo, saltan obst\xc3\xa1culos cercas y suben colinas en la primera Carrera de Obst\xc3\xa1culos Extrem\xe2\x80\xa6'",b'2018-12-16',b'14',"b'Jes\xc3\xbas Mar\xc3\xada, Lima, Per\xc3\xba'",b'20',b'140',b'MasterBigData',b'#Alemania'
b'\xf0\x9f\x92\x9c \xeb\xa7\x88\xeb\xa6\xac\xec\x95\x84 \xeb\x9d\xbc\xec\x9a\xb0\xeb\x9d\xbc \xf0\x9f\x92\x9c',"b'RT @ReutersLatam: Competidores cargan bloques de hielo, saltan obst\xc3\xa1culos cercas y suben colinas en la primera Carrera de Obst\xc3\xa1culos Extrem\xe2\x80\xa6'",b'2018-12-16',b'14',b'Argentina',b'20',b'140',b'MasterBigData',b'#Alemania'
b'Pedro A.Garcia Lopez',b'Ni en #Alemania o  #USA ... enhorabuena #Gestamp @mlopezquesada',b'2018-12-16',b'14',b'Madrid',b'9',b'63',b'MasterBigData',b'#Alemania'
b'Consultora de Criptomonedas',b'#Noticia Segunda bolsa de valores en #Alemania lanza plataforma de comercio en #Criptomonedas. Boerse Stuttgart Gro\xe2\x80\xa6 https://t.co/Z14rcx83kN',b'2018-12-16',b'14',"b'Caracas, Venezuela'",b'17',b'140',b'MasterBigData',b'#Alemania'
b'Consultora de Criptomonedas',b'#Noticia Segunda bolsa de valores en #Alemania lanza plataforma de comercio en #Criptomonedas. Boerse Stuttgart Gro\xe2\x80\xa6 https://t.co/Z14rcx83kN',b'2018-12-16',b'14',"b'Caracas, Venezuela'",b'17',b'140',b'MasterBigData',b'#Alemania'
b'Consultora de Criptomonedas',b'#Noticia Segunda bolsa de valores en #Alemania lanza plataforma de comercio en #Criptomonedas. Boerse Stuttgart Gro\xe2\x80\xa6 https://t.co/Z14rcx83kN',b'2018-12-16',b'14',"b'Caracas, Venezuela'",b'17',b'140',b'MasterBigData',b'#Alemania'
b'Eduardo',"b'Qu\xc3\xa9 ganas de tener una pol\xc3\xadtica como #Alemania y encarcelar de una vez por todas a toda esta manga de genocidas, la\xe2\x80\xa6 https://t.co/E4k9d3NtLB'",b'2018-12-16',b'17',b'Chile',b'23',b'140',b'MasterBigData',b'#Alemania'
b'Efecto Cognitivo \xf0\x9f\x87\xaa\xf0\x9f\x87\xb8',"b'\xf0\x9f\x94\xb9 La historia de la esv\xc3\xa1stica del bosque, el misterioso s\xc3\xadmbolo del nazismo que dur\xc3\xb3 oculto por m\xc3\xa1s de 50 a\xc3\xb1os\xe2\x80\xa6 https://t.co/Ux4TtIfSst'",b'2018-12-16',b'17',"b'Comunidad de Madrid, Espa\xc3\xb1a'",b'22',b'135',b'MasterBigData',b'#Alemania'
b'Diego Mateo',"b'Europa, definitivamente, ha muerto.\n#Alemania'",b'2018-12-16',b'17',"b'Murcia, Spain'",b'5',b'45',b'MasterBigData',b'#Alemania'
b'Reuters Latam',b'#PapaNoel hace r\xc3\xa1pel para llegar hasta ni\xc3\xb1os en #Berlin #Alemania #Navidad https://t.co/CmWCf44KPe',b'2018-12-16',b'18',b'Chile',b'12',b'98',b'MasterBigData',b'#Alemania'
b'\xf0\x9f\x8e\x84Alastriona Calder\xc3\xb3n\xe2\x9b\x84',b'RT @ReutersLatam: #PapaNoel hace r\xc3\xa1pel para llegar hasta ni\xc3\xb1os en #Berlin #Alemania #Navidad https://t.co/CmWCf44KPe',b'2018-12-16',b'18',b'Helvegen',b'14',b'116',b'MasterBigData',b'#Alemania'
b'\xd0\x93\xd1\x83\xd1\x80\xd1\x8c\xd1\x8f\xd0\xbd\xd0\xbe\xd0\xb2 \xd0\xa1\xd0\xb5\xd1\x80\xd0\xb3\xd0\xb5\xd0\xb9',b'RT @ReutersLatam: #PapaNoel hace r\xc3\xa1pel para llegar hasta ni\xc3\xb1os en #Berlin #Alemania #Navidad https://t.co/CmWCf44KPe',b'2018-12-16',b'18',"b'Russia, Perm city'",b'14',b'116',b'MasterBigData',b'#Alemania'
b'LAU PEREZ CISNEROS',b'RT @ReutersLatam: #PapaNoel hace r\xc3\xa1pel para llegar hasta ni\xc3\xb1os en #Berlin #Alemania #Navidad https://t.co/CmWCf44KPe',b'2018-12-16',b'18',b'MEXICO',b'14',b'116',b'MasterBigData',b'#Alemania'
b'Ana Baeza',b'RT @eSPAINews: #\xc3\x9aLTIMAHORA \xf0\x9f\x94\xb4 #Alemania\xf0\x9f\x87\xa9\xf0\x9f\x87\xaa: Al menos 7 heridos en un centro comercial de #Dortmund despu\xc3\xa9s de que un grupo de inmigrantes lan\xe2\x80\xa6',b'2018-12-16',b'18',b'None',b'23',b'140',b'MasterBigData',b'#Alemania'
b'Ruslan',b'RT @ReutersLatam: #PapaNoel hace r\xc3\xa1pel para llegar hasta ni\xc3\xb1os en #Berlin #Alemania #Navidad https://t.co/CmWCf44KPe',b'2018-12-16',b'18',b'Espa\xc3\xb1a',b'14',b'116',b'MasterBigData',b'#Alemania'
b'Sare Antifaxista',b'Cuatro agentes de polic\xc3\xada investigados en #Francfort por formar una c\xc3\xa9lula neonazi que habr\xc3\xadan amenazado de muerte\xe2\x80\xa6 https://t.co/OlcHIRnyoi',b'2018-12-16',b'18',b'Euskal Herria',b'18',b'139',b'MasterBigData',b'#Alemania'
b'Ametia \xf0\x9f\x87\xad\xf0\x9f\x87\xba',b'RT @linadidiostabil: Me muero \n #cubanito @willylevy29 \nMira tu #levycicha\xf0\x9f\x87\xae\xf0\x9f\x87\xb9\ndesde otro lado dell mundo #alemania no tiene obstaculos\xf0\x9f\x98\x9c\nEl d\xe2\x80\xa6',b'2018-12-16',b'18',b'Magyarorsz\xc3\xa1g',b'20',b'140',b'MasterBigData',b'#Alemania'
b'Virginia Saez',b'RT @ReutersLatam: #PapaNoel hace r\xc3\xa1pel para llegar hasta ni\xc3\xb1os en #Berlin #Alemania #Navidad https://t.co/CmWCf44KPe',b'2018-12-16',b'18',b'None',b'14',b'116',b'MasterBigData',b'#Alemania'
b'Zaida Edith Jara Barrientos',b'RT @ReutersLatam: #PapaNoel hace r\xc3\xa1pel para llegar hasta ni\xc3\xb1os en #Berlin #Alemania #Navidad https://t.co/CmWCf44KPe',b'2018-12-16',b'18',b'Per\xc3\xba',b'14',b'116',b'MasterBigData',b'#Alemania'
b'Estamos...',b'RT @ReutersLatam: #PapaNoel hace r\xc3\xa1pel para llegar hasta ni\xc3\xb1os en #Berlin #Alemania #Navidad https://t.co/CmWCf44KPe',b'2018-12-16',b'18',b'En un maravillosa tierra.',b'14',b'116',b'MasterBigData',b'#Alemania'
b'Connor Kane',b'RT @ReutersLatam: #PapaNoel hace r\xc3\xa1pel para llegar hasta ni\xc3\xb1os en #Berlin #Alemania #Navidad https://t.co/CmWCf44KPe',b'2018-12-16',b'18',"b'Florida, USA'",b'14',b'116',b'MasterBigData',b'#Alemania'
b'Javier',b'RT @CafeZM: En la #Vitrina el cello \xf0\x9f\x8e\xbb Matteo Gofriller de #PauCasals con #ElCantDesOcells y #Sonata5 #Beethoven En #AcademiaArcadia himnos\xe2\x80\xa6',b'2018-12-16',b'18',b'None',b'20',b'139',b'MasterBigData',b'#Alemania'
b'Desconocida',b'RT @eSPAINews: #\xc3\x9aLTIMAHORA \xf0\x9f\x94\xb4 #Alemania\xf0\x9f\x87\xa9\xf0\x9f\x87\xaa: Al menos 7 heridos en un centro comercial de #Dortmund despu\xc3\xa9s de que un grupo de inmigrantes lan\xe2\x80\xa6',b'2018-12-16',b'18',b'None',b'23',b'140',b'MasterBigData',b'#Alemania'
b'Political Science',b'#PapaNoel hace r\xc3\xa1pel para llegar hasta ni\xc3\xb1os en #Berlin #Alemania #Navidad https://t.co/armysQ0oHJ',b'2018-12-16',b'18',b'Venezuela - USA',b'12',b'98',b'MasterBigData',b'#Alemania'
b'Zaida Edith Jara Barrientos',b'RT @ReutersLatam: Deportistas son exigidos al m\xc3\xa1ximo en el fr\xc3\xado de la primera Carrera de Obst\xc3\xa1culos Extrema de Invierno en #Alemania #extre\xe2\x80\xa6',b'2018-12-16',b'18',b'Per\xc3\xba',b'22',b'140',b'MasterBigData',b'#Alemania'
b'Antonio_rubio21',b'RT @ReutersLatam: #PapaNoel hace r\xc3\xa1pel para llegar hasta ni\xc3\xb1os en #Berlin #Alemania #Navidad https://t.co/CmWCf44KPe',b'2018-12-16',b'18',"b'Distrito Federal, M\xc3\xa9xico'",b'14',b'116',b'MasterBigData',b'#Alemania'
"b'I, Tiberius Claudius'",b'RT @eSPAINews: #\xc3\x9aLTIMAHORA \xf0\x9f\x94\xb4 #Alemania\xf0\x9f\x87\xa9\xf0\x9f\x87\xaa: Al menos 7 heridos en un centro comercial de #Dortmund despu\xc3\xa9s de que un grupo de inmigrantes lan\xe2\x80\xa6',b'2018-12-16',b'18',b'None',b'23',b'140',b'MasterBigData',b'#Alemania'
b'MONSTER X',b'RT @ReutersLatam: #PapaNoel hace r\xc3\xa1pel para llegar hasta ni\xc3\xb1os en #Berlin #Alemania #Navidad https://t.co/CmWCf44KPe',b'2018-12-16',b'18',b'None',b'14',b'116',b'MasterBigData',b'#Alemania'
b'Asie(r)',b'RT @Antifaxismoa: Cuatro agentes de polic\xc3\xada investigados en #Francfort por formar una c\xc3\xa9lula neonazi que habr\xc3\xadan amenazado de muerte la fam\xe2\x80\xa6',b'2018-12-16',b'18',"b'Bilbo, Euskal Herria Askatuta'",b'21',b'140',b'MasterBigData',b'#Alemania'
b'\xe2\x98\xba',b'#Humor #Coche #Veh\xc3\xadculo #Alemania #Cambre #Automoci\xc3\xb3n https://t.co/tkFubt4a3p',b'2018-12-16',b'18',b'None',b'7',b'77',b'MasterBigData',b'#Alemania'
b'\xd0\xbc\xd0\xb0annfine459',b'RT @ReutersLatam: #PapaNoel hace r\xc3\xa1pel para llegar hasta ni\xc3\xb1os en #Berlin #Alemania #Navidad https://t.co/CmWCf44KPe',b'2018-12-16',b'19',b'None',b'14',b'116',b'MasterBigData',b'#Alemania'
b'Erika Rojas',b'RT @ReutersLatam: #PapaNoel hace r\xc3\xa1pel para llegar hasta ni\xc3\xb1os en #Berlin #Alemania #Navidad https://t.co/CmWCf44KPe',b'2018-12-16',b'19',"b'Guayaquil, Ecuador'",b'14',b'116',b'MasterBigData',b'#Alemania'
b'Rafael Reig',b'RT @CafeZM: En la #Vitrina el cello \xf0\x9f\x8e\xbb Matteo Gofriller de #PauCasals con #ElCantDesOcells y #Sonata5 #Beethoven En #AcademiaArcadia himnos\xe2\x80\xa6',b'2018-12-16',b'19',b'Ontinyent | Valencia | Espa\xc3\xb1a',b'20',b'139',b'MasterBigData',b'#Alemania'
b'Daniel.',"b'#Alemania | RB Leipzig venci\xc3\xb3 4-1 al Mainz con goles de Yussuf Poulsen y Timo Werner, en dos oportunidades. Para la\xe2\x80\xa6 https://t.co/9tZf46Iifj'",b'2018-12-16',b'19',"b'Bogot\xc3\xa1, Colombia'",b'22',b'140',b'MasterBigData',b'#Alemania'
b'ester ib\xc3\xa1\xc3\xb1ez',"b'RT @loscarnaless: #Alemania| El caso de los presos pol\xc3\xadticos catalanes llega al Bundestag.\n\nKatja D\xc3\xb6rner ha llevado al #Bundestag, varias p\xe2\x80\xa6'",b'2018-12-16',b'19',b'None',b'21',b'140',b'MasterBigData',b'#Alemania'
b'Elena Peces',b'Dulce Navidad en #Nuremberg. \xc2\xa1Su mercadillo navide\xc3\xb1o es uno de los m\xc3\xa1s bellos de Europa... y del mundo! #Alemania https://t.co/cCk1anp94o',b'2018-12-16',b'19',b'None',b'20',b'137',b'MasterBigData',b'#Alemania'
b'Manuel Aravena N.',"b'RT @rogeliomarin13: #FRANCIA...#INGLATERRA...#ALEMANIA...\n#LATINOAM\xc3\x89RICA SERA\'?\nDiario Argentina Hoy @ArgentinaHoyOk\n  Los ""#ChalecosAmaril\xe2\x80\xa6'",b'2018-12-16',b'19',"b'Quilicura, Chile'",b'11',b'140',b'MasterBigData',b'#Alemania'
b'francisco lopez',b'RT @elpidiojsilva: En #Espa\xc3\xb1a como de costumbre se impone el Reino de la Impunidad.\nMientras la #JusticiaEspa\xc3\xb1ola desampara a 100000 famili\xe2\x80\xa6',b'2018-12-16',b'19',b'None',b'21',b'140',b'MasterBigData',b'#Alemania'
b'Cat Hood \xf0\x9f\x8e\x97\xef\xb8\x8f',b'RT @joseprull: Aquest any no podr\xc3\xa9 venir a agafar trucades a @la_marato de @tv3cat. Estic a la pres\xc3\xb3 i en vaga de fam. Per\xc3\xb2 el meu cor esta\xe2\x80\xa6',b'2018-12-16',b'19',"b'Catalu\xc3\xb1a, Espa\xc3\xb1a'",b'28',b'140',b'MasterBigData',b'#catalunya'
b'ceptor',"b'antena 3 da mucho asco,La Sexta ultimamente tambien'",b'2018-12-16',b'19',b'Spain',b'8',b'51',b'MasterBigData',b'#catalunya'
b'Manolo Segura Cabrer',b'RT @joseprull: Aquest any no podr\xc3\xa9 venir a agafar trucades a @la_marato de @tv3cat. Estic a la pres\xc3\xb3 i en vaga de fam. Per\xc3\xb2 el meu cor esta\xe2\x80\xa6',b'2018-12-16',b'19',b'None',b'28',b'140',b'MasterBigData',b'#catalunya'
b'Lloren\xc3\xa7 Madurell',b'RT @joseprull: Aquest any no podr\xc3\xa9 venir a agafar trucades a @la_marato de @tv3cat. Estic a la pres\xc3\xb3 i en vaga de fam. Per\xc3\xb2 el meu cor esta\xe2\x80\xa6',b'2018-12-16',b'19',b'None',b'28',b'140',b'MasterBigData',b'#catalunya'
b'Jobs In BigData',"b'Lead Data Scientist - Ericson Cross ( New York City, United States )  - [ \xe2\x9e\xa1 https://t.co/irUzZbI0gg ] #BigData\xe2\x80\xa6 https://t.co/4Y1tZGdGlx'",b'2018-12-16',b'19',b'United Kingdom',b'20',b'135',b'MasterBigData',b'#BigData'
b'Michele',b'RT @jonathanMhehir: Happy #Thanksgiving to all our US colleagues #youareawsome and #happyholidays. If you would like to find out about join\xe2\x80\xa6',b'2018-12-16',b'19',b'None',b'21',b'140',b'MasterBigData',b'#BigData'
b'Jobs In BigData',"b'Data Scientist - Our Client ( New York, NY, USA )  - [ \xf0\x9f\x93\x8b More Info  https://t.co/N3q56DGVeL ] #BigData #DataScience\xe2\x80\xa6 https://t.co/OEODeW5Ac4'",b'2018-12-16',b'19',b'United Kingdom',b'21',b'140',b'MasterBigData',b'#BigData'
b'Thomas Hilbig 2.0',"b'RT @EuroGeosciences: ""The field of #bigdata analytics not only allows predication of disaster paths, but it also enables officials to optim\xe2\x80\xa6'",b'2018-12-16',b'19',b'None',b'21',b'140',b'MasterBigData',b'#BigData'
b'Jobs In BigData',b'Principal Solutions Architect-$200k-Fully Remote/No travel - Jefferson Frank - [ \xe2\x9e\xa1 https://t.co/WvqOB35c12 ]\xe2\x80\xa6 https://t.co/iRqIk7vrCJ',b'2018-12-16',b'19',b'United Kingdom',b'14',b'133',b'MasterBigData',b'#BigData'
b'LeanSocial',b'An overview of some of the key #socialmediamarketing trends to be aware of in 2019 #smm https://t.co/dqiTzWWFys\xe2\x80\xa6 https://t.co/L5s6dVLcgk',b'2018-12-16',b'19',"b'Rotherham, England'",b'18',b'136',b'MasterBigData',b'#BigData'
b'PRMAC_Consulting',"b""RT @HealthWorksBC: Just out, today's Daily Canadian Health Care News. https://t.co/fsKwQ2NUbO #cdnhealth #cdnpoli #hcsm #hcldr #bchc #bigda\xe2\x80\xa6""",b'2018-12-16',b'19',"b'Victoria, British Columbia'",b'17',b'140',b'MasterBigData',b'#BigData'
b'Ian White',"b""One person's metadata is another's data\n\n#bigdata #metadata #privacy https://t.co/RCyT1vDWg4""",b'2018-12-16',b'19',"b'New York, NY'",b'10',b'92',b'MasterBigData',b'#BigData'
b'Machine Learning',b'RT @MikeQuindazzi: #AI systems strive to mimic human intelligence\xe2\x80\x8b &gt;&gt;&gt; #PwC via @MikeQuindazzi &gt;&gt;&gt; #BigData #MachineLearning #DeepLearning\xe2\x80\xa6',b'2018-12-16',b'19',b'None',b'17',b'157',b'MasterBigData',b'#BigData'
b'Interface Health',"b'RT @evidation: ""As we incorporate these types of novel data for evidence generation, considerations for individual consent and privacy need\xe2\x80\xa6'",b'2018-12-16',b'19',"b'Vancouver, Canada'",b'20',b'140',b'MasterBigData',b'#BigData'
b'Abhinav Poonia',b'RT @iamjony94: 11 must-have growth hacking strategies for your startup https://t.co/A839CRm38z #socialmedia #digitalmarketing #contentmarke\xe2\x80\xa6',b'2018-12-16',b'19',"b'Mohali, India'",b'14',b'140',b'MasterBigData',b'#BigData'
b'S3 Datalake',b'The latest Data Lake! https://t.co/QIiidAfDmR Thanks to @hypervisaac @theCUBE #bigdata #data',b'2018-12-16',b'19',b'None',b'11',b'92',b'MasterBigData',b'#BigData'
b'Shane Brighton',b'RT @Fisher85M: A Smart Nation Built on Standards {Infographic}\n\n#SmartCity #IoT #CyberSecurity #Healthcare #infosec @fisher85m #BigData #fi\xe2\x80\xa6',b'2018-12-16',b'19',"b'London, England'",b'17',b'140',b'MasterBigData',b'#BigData'
b'Abhinav Poonia',"b""RT @iamjony94: 7 Unusual Ways to Share Content Online &amp; Get People's Attention https://t.co/irQY0AJLuE #socialmedia #digitalmarketing #cont\xe2\x80\xa6""",b'2018-12-16',b'19',"b'Mohali, India'",b'17',b'144',b'MasterBigData',b'#BigData'
b'Aleksandra Protic',b'RT @MikeQuindazzi: Smart Speakers aim unlock the #SmartHome &gt;&gt;&gt; @StatistaCharts via @MikeQuindazzi &gt;&gt;&gt; #IoT #VirtualAssistant #AI #Machinel\xe2\x80\xa6',b'2018-12-16',b'19',b'None',b'17',b'158',b'MasterBigData',b'#BigData'
b'Security Testing',b'RT @MikeQuindazzi: #AI systems strive to mimic human intelligence\xe2\x80\x8b &gt;&gt;&gt; #PwC via @MikeQuindazzi &gt;&gt;&gt; #BigData #MachineLearning #DeepLearning\xe2\x80\xa6',b'2018-12-16',b'19',"b'Hyderabad, India'",b'17',b'157',b'MasterBigData',b'#BigData'
b'Gull Ferrara',b'RT @IainLJBrown: Aleksander Madry on building trustworthy artificial intelligence - https://t.co/oeIfZgBq8M\n\nRead more here: https://t.co/d\xe2\x80\xa6',b'2018-12-16',b'19',"b'Oslo, Norge'",b'15',b'140',b'MasterBigData',b'#BigData'
b'Karolyn Cavanah',b'RT @IainLJBrown: Mountain splendor? Scientists know where your eyes will look #DataScience #MachineLearning #DeepLearning #NLP #Robots #AI\xe2\x80\xa6',b'2018-12-16',b'19',"b'England, United Kingdom'",b'17',b'139',b'MasterBigData',b'#BigData'
b'CareMo',b'RT @HubBucket: 25 @Java #MachineLearning Tools and Libraries.\n\n\xf0\x9f\x96\xa5\xef\xb8\x8fhttps://t.co/Ear8Z0tViR\n\n@HubBucket @HubDataScience @HubClouds @HubStackOS\xe2\x80\xa6',b'2018-12-16',b'19',b'Global',b'13',b'140',b'MasterBigData',b'#BigData'
b'Mallory Wechsler',"b'RT @BristowColin: Amazon launches Sustainability Data Initiative which leverages cloud and open data - Gigabit Magazine - Technology News,\xe2\x80\xa6'",b'2018-12-16',b'19',"b'New York, USA'",b'19',b'139',b'MasterBigData',b'#BigData'
b'Edgar Todd',"b'RT @BristowColin: Amazon launches Sustainability Data Initiative which leverages cloud and open data - Gigabit Magazine - Technology News,\xe2\x80\xa6'",b'2018-12-16',b'19',b'None',b'19',b'139',b'MasterBigData',b'#BigData'
b'Joon Erdogan',b'RT @IainLJBrown: Mountain splendor? Scientists know where your eyes will look #DataScience #MachineLearning #DeepLearning #NLP #Robots #AI\xe2\x80\xa6',b'2018-12-16',b'19',b'UK',b'17',b'139',b'MasterBigData',b'#BigData'
